{"cameraMode":{"drawMode":0,"name":"Shaded","section":"Shading Mode"},"sceneLighting":false,"audioPlay":false,"sceneViewState":{"showFog":true,"showMaterialUpdate":false,"showSkybox":true,"showFlares":true,"showImageEffects":true,"showParticleSystems":true},"in2DMode":false,"pivot":{"x":0.2805529236793518,"y":0.09820282459259033,"z":-0.42638349533081057},"rotation":{"x":-0.006353694014251232,"y":0.9709214568138123,"z":-0.23791910707950593,"w":-0.02592860721051693},"size":1.5667297840118409,"orthographic":false}